{
  "\"name\"": {
    "precision": 1.0,
    "recall": 1.0,
    "f1-score": 1.0,
    "support": 15,
    "confused_with": {}
  },
  "\"place\"": {
    "precision": 0.7241379310344828,
    "recall": 1.0,
    "f1-score": 0.8400000000000001,
    "support": 21,
    "confused_with": {}
  },
  "\"object\"": {
    "precision": 1.0,
    "recall": 1.0,
    "f1-score": 1.0,
    "support": 9,
    "confused_with": {}
  },
  "micro avg": {
    "precision": 0.8490566037735849,
    "recall": 1.0,
    "f1-score": 0.9183673469387755,
    "support": 45
  },
  "macro avg": {
    "precision": 0.9080459770114943,
    "recall": 1.0,
    "f1-score": 0.9466666666666667,
    "support": 45
  },
  "weighted avg": {
    "precision": 0.8712643678160921,
    "recall": 1.0,
    "f1-score": 0.9253333333333333,
    "support": 45
  }
}