{
  "\"object\"": {
    "precision": 0.9727891156462585,
    "recall": 1.0,
    "f1-score": 0.9862068965517241,
    "support": 143,
    "confused_with": {}
  },
  "\"gesture\"": {
    "precision": 0.9047619047619048,
    "recall": 1.0,
    "f1-score": 0.9500000000000001,
    "support": 38,
    "confused_with": {}
  },
  "\"place\"": {
    "precision": 0.9758064516129032,
    "recall": 0.9864130434782609,
    "f1-score": 0.981081081081081,
    "support": 368,
    "confused_with": {
      "\"object\"": 4
    }
  },
  "\"name\"": {
    "precision": 1.0,
    "recall": 1.0,
    "f1-score": 1.0,
    "support": 141,
    "confused_with": {}
  },
  "\"room\"": {
    "precision": 1.0,
    "recall": 1.0,
    "f1-score": 1.0,
    "support": 137,
    "confused_with": {}
  },
  "micro avg": {
    "precision": 0.9797377830750894,
    "recall": 0.9939540507859734,
    "f1-score": 0.9867947178871548,
    "support": 827
  },
  "macro avg": {
    "precision": 0.9706714944042133,
    "recall": 0.9972826086956521,
    "f1-score": 0.983457595526561,
    "support": 827
  },
  "weighted avg": {
    "precision": 0.9801530472937313,
    "recall": 0.9939540507859734,
    "f1-score": 0.9868989408037901,
    "support": 827
  }
}