{
  "\"room\"": {
    "precision": 1.0,
    "recall": 1.0,
    "f1-score": 1.0,
    "support": 137,
    "confused_with": {}
  },
  "\"place\"": {
    "precision": 1.0,
    "recall": 0.9973262032085561,
    "f1-score": 0.998661311914324,
    "support": 374,
    "confused_with": {}
  },
  "\"object\"": {
    "precision": 1.0,
    "recall": 1.0,
    "f1-score": 1.0,
    "support": 147,
    "confused_with": {}
  },
  "\"gesture\"": {
    "precision": 1.0,
    "recall": 0.9333333333333333,
    "f1-score": 0.9655172413793104,
    "support": 45,
    "confused_with": {}
  },
  "\"name\"": {
    "precision": 1.0,
    "recall": 1.0,
    "f1-score": 1.0,
    "support": 141,
    "confused_with": {}
  },
  "micro avg": {
    "precision": 1.0,
    "recall": 0.995260663507109,
    "f1-score": 0.997624703087886,
    "support": 844
  },
  "macro avg": {
    "precision": 1.0,
    "recall": 0.9861319073083779,
    "f1-score": 0.9928357106587269,
    "support": 844
  },
  "weighted avg": {
    "precision": 1.0,
    "recall": 0.995260663507109,
    "f1-score": 0.9975682541682774,
    "support": 844
  }
}